{
  "format_version": "1.8.0",
  "render_controllers": {
    "controller.render.cape": {
      "arrays": {
        "textures": {
          "array.frames": [
            "texture.frameb1",
            "texture.frameb2",
            "texture.frameb3",
            "texture.frameb4",
            "texture.frameb5",
            "texture.frameb6",
            "texture.frameb7",
            "texture.frameb8",
            "texture.frameb9",
            "texture.frameb10",
            "texture.frameb11",
            "texture.frameb12",
            "texture.frameb13",
            "texture.frameb14"
          ]
        }
      },
      "geometry": "geometry.custom",
      "materials": [
        {
          "*": "material.cape"
        }
      ],
      "textures": [
        "array.frames[(query.anim_time * 8 )]"
      ]
    }
  }
}
